Measure,region_from,region_to,Measure_Type,value,Base_Region
entropy_kozachenko,lateraloccipital,lateraloccipital,Univariate,1.442819287839777,lateraloccipital
AIS_kraskov,lateraloccipital,lateraloccipital,Univariate,0.029169527122322236,lateraloccipital
entropy_kozachenko,parahippocampal,parahippocampal,Univariate,1.4415719671934166,parahippocampal
AIS_kraskov,parahippocampal,parahippocampal,Univariate,0.026451079844976633,parahippocampal
je_kozachenko,lateraloccipital,parahippocampal,Bivariate,2.878938000873671,
si_kozachenko_k-1,lateraloccipital,parahippocampal,Bivariate,0.11123618951709213,
mi_kraskov_NN-4,lateraloccipital,parahippocampal,Bivariate,-0.015588955062129983,
tlmi_kraskov_NN-4,lateraloccipital,parahippocampal,Bivariate,-0.0061658801080159975,
di_kozachenko,lateraloccipital,parahippocampal,Bivariate,2.3939130934563035,
gc_gaussian_k-1_kt-1_l-1_lt-1,lateraloccipital,parahippocampal,Bivariate,0.00032657307366027995,
te_kraskov_NN-4_k-1_kt-1_l-1_lt-1,lateraloccipital,parahippocampal,Bivariate,0.0015433574090291113,
ce_kozachenko,lateraloccipital,parahippocampal,Bivariate,1.4701747352197265,
cce_kozachenko,lateraloccipital,parahippocampal,Bivariate,4.5579404348470565,
entropy_kozachenko,superiorfrontal,superiorfrontal,Univariate,1.4156174386560165,superiorfrontal
AIS_kraskov,superiorfrontal,superiorfrontal,Univariate,0.06262020592462036,superiorfrontal
je_kozachenko,lateraloccipital,superiorfrontal,Bivariate,2.8820709604909482,
si_kozachenko_k-1,lateraloccipital,superiorfrontal,Bivariate,0.012702313416516287,
mi_kraskov_NN-4,lateraloccipital,superiorfrontal,Bivariate,-0.00846741227336878,
tlmi_kraskov_NN-4,lateraloccipital,superiorfrontal,Bivariate,0.016452106569625258,
di_kozachenko,lateraloccipital,superiorfrontal,Bivariate,2.2904856743667343,
gc_gaussian_k-1_kt-1_l-1_lt-1,lateraloccipital,superiorfrontal,Bivariate,0.00017643691188254972,
te_kraskov_NN-4_k-1_kt-1_l-1_lt-1,lateraloccipital,superiorfrontal,Bivariate,-0.007191508323860063,
ce_kozachenko,lateraloccipital,superiorfrontal,Bivariate,1.4732255959637288,
cce_kozachenko,lateraloccipital,superiorfrontal,Bivariate,4.576348123429167,
entropy_kozachenko,inferiorparietal,inferiorparietal,Univariate,1.4056153731947436,inferiorparietal
AIS_kraskov,inferiorparietal,inferiorparietal,Univariate,0.05520735025014467,inferiorparietal
je_kozachenko,lateraloccipital,inferiorparietal,Bivariate,2.855222027829401,
si_kozachenko_k-1,lateraloccipital,inferiorparietal,Bivariate,0.07022091124946739,
mi_kraskov_NN-4,lateraloccipital,inferiorparietal,Bivariate,0.016065503214452548,
tlmi_kraskov_NN-4,lateraloccipital,inferiorparietal,Bivariate,0.011596766691200244,
di_kozachenko,lateraloccipital,inferiorparietal,Bivariate,2.428267820529988,
gc_gaussian_k-1_kt-1_l-1_lt-1,lateraloccipital,inferiorparietal,Bivariate,3.141479246130348e-05,
te_kraskov_NN-4_k-1_kt-1_l-1_lt-1,lateraloccipital,inferiorparietal,Bivariate,0.008877542430011598,
ce_kozachenko,lateraloccipital,inferiorparietal,Bivariate,1.446356762921622,
cce_kozachenko,lateraloccipital,inferiorparietal,Bivariate,4.525969791393589,
entropy_kozachenko,rostralmiddlefrontal,rostralmiddlefrontal,Univariate,1.439614703533806,rostralmiddlefrontal
AIS_kraskov,rostralmiddlefrontal,rostralmiddlefrontal,Univariate,0.1105955697540022,rostralmiddlefrontal
je_kozachenko,lateraloccipital,rostralmiddlefrontal,Bivariate,2.8436894609714103,
si_kozachenko_k-1,lateraloccipital,rostralmiddlefrontal,Bivariate,0.02361381327589962,
mi_kraskov_NN-4,lateraloccipital,rostralmiddlefrontal,Bivariate,0.004187967701854589,
tlmi_kraskov_NN-4,lateraloccipital,rostralmiddlefrontal,Bivariate,0.0015776962004814266,
di_kozachenko,lateraloccipital,rostralmiddlefrontal,Bivariate,2.3492836632828205,
gc_gaussian_k-1_kt-1_l-1_lt-1,lateraloccipital,rostralmiddlefrontal,Bivariate,4.550539564986661e-07,
te_kraskov_NN-4_k-1_kt-1_l-1_lt-1,lateraloccipital,rostralmiddlefrontal,Bivariate,0.007442891630618176,
ce_kozachenko,lateraloccipital,rostralmiddlefrontal,Bivariate,1.4351995809990492,
cce_kozachenko,lateraloccipital,rostralmiddlefrontal,Bivariate,4.402087346017927,
entropy_kozachenko,isthmuscingulate,isthmuscingulate,Univariate,1.4405425872436224,isthmuscingulate
AIS_kraskov,isthmuscingulate,isthmuscingulate,Univariate,0.03258928427200658,isthmuscingulate
je_kozachenko,lateraloccipital,isthmuscingulate,Bivariate,2.8207928835267375,
si_kozachenko_k-1,lateraloccipital,isthmuscingulate,Bivariate,-0.011277228731175537,
mi_kraskov_NN-4,lateraloccipital,isthmuscingulate,Bivariate,-0.00538074342606798,
tlmi_kraskov_NN-4,lateraloccipital,isthmuscingulate,Bivariate,-0.001247395795951789,
di_kozachenko,lateraloccipital,isthmuscingulate,Bivariate,2.5013224472233784,
gc_gaussian_k-1_kt-1_l-1_lt-1,lateraloccipital,isthmuscingulate,Bivariate,4.29830602595028e-09,
te_kraskov_NN-4_k-1_kt-1_l-1_lt-1,lateraloccipital,isthmuscingulate,Bivariate,0.010222965250392901,
ce_kozachenko,lateraloccipital,isthmuscingulate,Bivariate,1.412271032934941,
cce_kozachenko,lateraloccipital,isthmuscingulate,Bivariate,4.514596771484246,
entropy_kozachenko,postcentral,postcentral,Univariate,1.407827482155172,postcentral
AIS_kraskov,postcentral,postcentral,Univariate,0.049451777585929335,postcentral
je_kozachenko,lateraloccipital,postcentral,Bivariate,2.8234232151792296,
si_kozachenko_k-1,lateraloccipital,postcentral,Bivariate,0.016789195911119936,
mi_kraskov_NN-4,lateraloccipital,postcentral,Bivariate,0.0007227385002082087,
tlmi_kraskov_NN-4,lateraloccipital,postcentral,Bivariate,0.00036577816578997613,
di_kozachenko,lateraloccipital,postcentral,Bivariate,2.39049906402951,
gc_gaussian_k-1_kt-1_l-1_lt-1,lateraloccipital,postcentral,Bivariate,0.0002636293871373155,
te_kraskov_NN-4_k-1_kt-1_l-1_lt-1,lateraloccipital,postcentral,Bivariate,-0.009859060468001335,
ce_kozachenko,lateraloccipital,postcentral,Bivariate,1.4146831807355285,
cce_kozachenko,lateraloccipital,postcentral,Bivariate,4.550984123459418,
entropy_kozachenko,caudalmiddlefrontal,caudalmiddlefrontal,Univariate,1.4097233511871297,caudalmiddlefrontal
AIS_kraskov,caudalmiddlefrontal,caudalmiddlefrontal,Univariate,0.08601695694928146,caudalmiddlefrontal
je_kozachenko,lateraloccipital,caudalmiddlefrontal,Bivariate,2.8254670530476207,
si_kozachenko_k-1,lateraloccipital,caudalmiddlefrontal,Bivariate,-0.004122104660399639,
mi_kraskov_NN-4,lateraloccipital,caudalmiddlefrontal,Bivariate,0.005411802025268031,
tlmi_kraskov_NN-4,lateraloccipital,caudalmiddlefrontal,Bivariate,-0.002222498961398145,
di_kozachenko,lateraloccipital,caudalmiddlefrontal,Bivariate,2.3846427251879394,
gc_gaussian_k-1_kt-1_l-1_lt-1,lateraloccipital,caudalmiddlefrontal,Bivariate,3.917975525742454e-05,
te_kraskov_NN-4_k-1_kt-1_l-1_lt-1,lateraloccipital,caudalmiddlefrontal,Bivariate,0.004437948782026746,
ce_kozachenko,lateraloccipital,caudalmiddlefrontal,Bivariate,1.4169530810526765,
cce_kozachenko,lateraloccipital,caudalmiddlefrontal,Bivariate,4.444972620046631,
entropy_kozachenko,pericalcarine,pericalcarine,Univariate,1.388222158825685,pericalcarine
AIS_kraskov,pericalcarine,pericalcarine,Univariate,0.06959508577735107,pericalcarine
je_kozachenko,lateraloccipital,pericalcarine,Bivariate,2.879131939813053,
si_kozachenko_k-1,lateraloccipital,pericalcarine,Bivariate,0.04066057835538173,
mi_kraskov_NN-4,lateraloccipital,pericalcarine,Bivariate,0.0007185654564434429,
tlmi_kraskov_NN-4,lateraloccipital,pericalcarine,Bivariate,-0.0029024898032172786,
di_kozachenko,lateraloccipital,pericalcarine,Bivariate,2.2654395339177364,
gc_gaussian_k-1_kt-1_l-1_lt-1,lateraloccipital,pericalcarine,Bivariate,2.968031580454786e-06,
te_kraskov_NN-4_k-1_kt-1_l-1_lt-1,lateraloccipital,pericalcarine,Bivariate,0.009007551252987911,
ce_kozachenko,lateraloccipital,pericalcarine,Bivariate,1.4706071563605874,
cce_kozachenko,lateraloccipital,pericalcarine,Bivariate,4.579264402668674,
entropy_kozachenko,bankssts,bankssts,Univariate,1.4111209074788196,bankssts
AIS_kraskov,bankssts,bankssts,Univariate,0.07313646475754965,bankssts
je_kozachenko,lateraloccipital,bankssts,Bivariate,2.8472297332250522,
si_kozachenko_k-1,lateraloccipital,bankssts,Bivariate,0.058529838834305625,
mi_kraskov_NN-4,lateraloccipital,bankssts,Bivariate,0.005406114936784334,
tlmi_kraskov_NN-4,lateraloccipital,bankssts,Bivariate,-0.014248944882568892,
di_kozachenko,lateraloccipital,bankssts,Bivariate,2.3811383456485427,
gc_gaussian_k-1_kt-1_l-1_lt-1,lateraloccipital,bankssts,Bivariate,0.0006064725150807428,
te_kraskov_NN-4_k-1_kt-1_l-1_lt-1,lateraloccipital,bankssts,Bivariate,0.0034065174242272622,
ce_kozachenko,lateraloccipital,bankssts,Bivariate,1.4389925899978784,
cce_kozachenko,lateraloccipital,bankssts,Bivariate,4.444951550990444,
entropy_kozachenko,transversetemporal,transversetemporal,Univariate,1.429055726146629,transversetemporal
AIS_kraskov,transversetemporal,transversetemporal,Univariate,0.12289462639180648,transversetemporal
je_kozachenko,lateraloccipital,transversetemporal,Bivariate,2.868192430394609,
si_kozachenko_k-1,lateraloccipital,transversetemporal,Bivariate,-0.06338976666892338,
mi_kraskov_NN-4,lateraloccipital,transversetemporal,Bivariate,-0.015073769160071748,
tlmi_kraskov_NN-4,lateraloccipital,transversetemporal,Bivariate,-0.009234151791016387,
di_kozachenko,lateraloccipital,transversetemporal,Bivariate,2.300012653968528,
gc_gaussian_k-1_kt-1_l-1_lt-1,lateraloccipital,transversetemporal,Bivariate,0.00012371715844823212,
te_kraskov_NN-4_k-1_kt-1_l-1_lt-1,lateraloccipital,transversetemporal,Bivariate,0.009321401793224826,
ce_kozachenko,lateraloccipital,transversetemporal,Bivariate,1.4595432922238776,
cce_kozachenko,lateraloccipital,transversetemporal,Bivariate,4.445753031694522,
entropy_kozachenko,rostralanteriorcingulate,rostralanteriorcingulate,Univariate,1.4001470894682582,rostralanteriorcingulate
AIS_kraskov,rostralanteriorcingulate,rostralanteriorcingulate,Univariate,0.11434393369638585,rostralanteriorcingulate
je_kozachenko,lateraloccipital,rostralanteriorcingulate,Bivariate,2.8316444770465785,
si_kozachenko_k-1,lateraloccipital,rostralanteriorcingulate,Bivariate,-0.007463018796189491,
mi_kraskov_NN-4,lateraloccipital,rostralanteriorcingulate,Bivariate,-0.00013639405336896004,
tlmi_kraskov_NN-4,lateraloccipital,rostralanteriorcingulate,Bivariate,-0.0018738339510520063,
di_kozachenko,lateraloccipital,rostralanteriorcingulate,Bivariate,2.2467879186444346,
gc_gaussian_k-1_kt-1_l-1_lt-1,lateraloccipital,rostralanteriorcingulate,Bivariate,0.0005688225357745085,
te_kraskov_NN-4_k-1_kt-1_l-1_lt-1,lateraloccipital,rostralanteriorcingulate,Bivariate,-0.011159429756708139,
ce_kozachenko,lateraloccipital,rostralanteriorcingulate,Bivariate,1.423119519745486,
cce_kozachenko,lateraloccipital,rostralanteriorcingulate,Bivariate,4.465877084081738,
entropy_kozachenko,superiorparietal,superiorparietal,Univariate,1.4261700646541513,superiorparietal
AIS_kraskov,superiorparietal,superiorparietal,Univariate,0.06688535481082525,superiorparietal
je_kozachenko,lateraloccipital,superiorparietal,Bivariate,2.8303163628799495,
si_kozachenko_k-1,lateraloccipital,superiorparietal,Bivariate,0.02748532572155904,
mi_kraskov_NN-4,lateraloccipital,superiorparietal,Bivariate,-0.008131965781636552,
tlmi_kraskov_NN-4,lateraloccipital,superiorparietal,Bivariate,0.01781066131436937,
di_kozachenko,lateraloccipital,superiorparietal,Bivariate,2.379629365740442,
gc_gaussian_k-1_kt-1_l-1_lt-1,lateraloccipital,superiorparietal,Bivariate,2.0333574125899855e-06,
te_kraskov_NN-4_k-1_kt-1_l-1_lt-1,lateraloccipital,superiorparietal,Bivariate,0.00825678157274079,
ce_kozachenko,lateraloccipital,superiorparietal,Bivariate,1.4216521458282378,
cce_kozachenko,lateraloccipital,superiorparietal,Bivariate,4.541615917355047,
entropy_kozachenko,frontalpole,frontalpole,Univariate,1.4230563023301057,frontalpole
AIS_kraskov,frontalpole,frontalpole,Univariate,0.021603551779474373,frontalpole
je_kozachenko,lateraloccipital,frontalpole,Bivariate,2.809849978112567,
si_kozachenko_k-1,lateraloccipital,frontalpole,Bivariate,8.529903995002641e-05,
mi_kraskov_NN-4,lateraloccipital,frontalpole,Bivariate,0.0044854581982640696,
tlmi_kraskov_NN-4,lateraloccipital,frontalpole,Bivariate,-0.00238862078766644,
di_kozachenko,lateraloccipital,frontalpole,Bivariate,2.3252839030142045,
gc_gaussian_k-1_kt-1_l-1_lt-1,lateraloccipital,frontalpole,Bivariate,1.8976317592272592e-05,
te_kraskov_NN-4_k-1_kt-1_l-1_lt-1,lateraloccipital,frontalpole,Bivariate,0.006584693672522235,
ce_kozachenko,lateraloccipital,frontalpole,Bivariate,1.4011119073687222,
cce_kozachenko,lateraloccipital,frontalpole,Bivariate,4.592749390398181,
entropy_kozachenko,cuneus,cuneus,Univariate,1.4149055478773516,cuneus
AIS_kraskov,cuneus,cuneus,Univariate,0.10383909476854392,cuneus
je_kozachenko,lateraloccipital,cuneus,Bivariate,2.835619454120606,
si_kozachenko_k-1,lateraloccipital,cuneus,Bivariate,-0.017727348316831648,
mi_kraskov_NN-4,lateraloccipital,cuneus,Bivariate,0.03349785716847542,
tlmi_kraskov_NN-4,lateraloccipital,cuneus,Bivariate,0.00229708370130588,
di_kozachenko,lateraloccipital,cuneus,Bivariate,2.248356537543673,
gc_gaussian_k-1_kt-1_l-1_lt-1,lateraloccipital,cuneus,Bivariate,6.700487608664512e-06,
te_kraskov_NN-4_k-1_kt-1_l-1_lt-1,lateraloccipital,cuneus,Bivariate,-0.003730468256618602,
ce_kozachenko,lateraloccipital,cuneus,Bivariate,1.4269727672749757,
cce_kozachenko,lateraloccipital,cuneus,Bivariate,4.531804753966917,
entropy_kozachenko,supramarginal,supramarginal,Univariate,1.410155795326646,supramarginal
AIS_kraskov,supramarginal,supramarginal,Univariate,0.07899255239954428,supramarginal
je_kozachenko,lateraloccipital,supramarginal,Bivariate,2.8770914016348494,
si_kozachenko_k-1,lateraloccipital,supramarginal,Bivariate,0.05559779277260413,
mi_kraskov_NN-4,lateraloccipital,supramarginal,Bivariate,-0.01080063026203959,
tlmi_kraskov_NN-4,lateraloccipital,supramarginal,Bivariate,-0.010806622870944693,
di_kozachenko,lateraloccipital,supramarginal,Bivariate,2.284328597390166,
gc_gaussian_k-1_kt-1_l-1_lt-1,lateraloccipital,supramarginal,Bivariate,7.509213529442667e-05,
te_kraskov_NN-4_k-1_kt-1_l-1_lt-1,lateraloccipital,supramarginal,Bivariate,-0.009920787389346764,
ce_kozachenko,lateraloccipital,supramarginal,Bivariate,1.4683452615522659,
cce_kozachenko,lateraloccipital,supramarginal,Bivariate,4.5348133691191865,
entropy_kozachenko,posteriorcingulate,posteriorcingulate,Univariate,1.4001998782324758,posteriorcingulate
AIS_kraskov,posteriorcingulate,posteriorcingulate,Univariate,0.02628926707518353,posteriorcingulate
je_kozachenko,lateraloccipital,posteriorcingulate,Bivariate,2.8651799681446106,
si_kozachenko_k-1,lateraloccipital,posteriorcingulate,Bivariate,0.08894006213971517,
mi_kraskov_NN-4,lateraloccipital,posteriorcingulate,Bivariate,-0.016268451944737805,
tlmi_kraskov_NN-4,lateraloccipital,posteriorcingulate,Bivariate,0.008924814970752593,
di_kozachenko,lateraloccipital,posteriorcingulate,Bivariate,2.3154947714831584,
gc_gaussian_k-1_kt-1_l-1_lt-1,lateraloccipital,posteriorcingulate,Bivariate,0.0001252462029826579,
te_kraskov_NN-4_k-1_kt-1_l-1_lt-1,lateraloccipital,posteriorcingulate,Bivariate,0.0065949425437350495,
ce_kozachenko,lateraloccipital,posteriorcingulate,Bivariate,1.4563735620061746,
cce_kozachenko,lateraloccipital,posteriorcingulate,Bivariate,4.629714971899125,
entropy_kozachenko,caudalanteriorcingulate,caudalanteriorcingulate,Univariate,1.4173266125042518,caudalanteriorcingulate
AIS_kraskov,caudalanteriorcingulate,caudalanteriorcingulate,Univariate,0.0723031914056591,caudalanteriorcingulate
je_kozachenko,lateraloccipital,caudalanteriorcingulate,Bivariate,2.8317639844880147,
si_kozachenko_k-1,lateraloccipital,caudalanteriorcingulate,Bivariate,0.017764485523600104,
mi_kraskov_NN-4,lateraloccipital,caudalanteriorcingulate,Bivariate,-0.004654623657691204,
tlmi_kraskov_NN-4,lateraloccipital,caudalanteriorcingulate,Bivariate,-0.006197763920273047,
di_kozachenko,lateraloccipital,caudalanteriorcingulate,Bivariate,2.372261816318332,
gc_gaussian_k-1_kt-1_l-1_lt-1,lateraloccipital,caudalanteriorcingulate,Bivariate,0.00032432431554104877,
te_kraskov_NN-4_k-1_kt-1_l-1_lt-1,lateraloccipital,caudalanteriorcingulate,Bivariate,0.007221946742191232,
ce_kozachenko,lateraloccipital,caudalanteriorcingulate,Bivariate,1.4233374812542166,
cce_kozachenko,lateraloccipital,caudalanteriorcingulate,Bivariate,4.525830877592982,
entropy_kozachenko,middletemporal,middletemporal,Univariate,1.4441633115003185,middletemporal
AIS_kraskov,middletemporal,middletemporal,Univariate,0.08965092258770646,middletemporal
je_kozachenko,lateraloccipital,middletemporal,Bivariate,2.840890328089269,
si_kozachenko_k-1,lateraloccipital,middletemporal,Bivariate,0.03540924398387224,
mi_kraskov_NN-4,lateraloccipital,middletemporal,Bivariate,0.004828673034293018,
tlmi_kraskov_NN-4,lateraloccipital,middletemporal,Bivariate,0.000330755481863676,
di_kozachenko,lateraloccipital,middletemporal,Bivariate,2.2969656392415247,
gc_gaussian_k-1_kt-1_l-1_lt-1,lateraloccipital,middletemporal,Bivariate,6.238340825861827e-05,
te_kraskov_NN-4_k-1_kt-1_l-1_lt-1,lateraloccipital,middletemporal,Bivariate,-0.0038070800099681,
ce_kozachenko,lateraloccipital,middletemporal,Bivariate,1.4321812809953474,
cce_kozachenko,lateraloccipital,middletemporal,Bivariate,4.435178955640472,
entropy_kozachenko,medialorbitofrontal,medialorbitofrontal,Univariate,1.3945962004236225,medialorbitofrontal
AIS_kraskov,medialorbitofrontal,medialorbitofrontal,Univariate,0.08987218253050067,medialorbitofrontal
je_kozachenko,lateraloccipital,medialorbitofrontal,Bivariate,2.8338765019117056,
si_kozachenko_k-1,lateraloccipital,medialorbitofrontal,Bivariate,0.0633871517231479,
mi_kraskov_NN-4,lateraloccipital,medialorbitofrontal,Bivariate,-0.005950137807641198,
tlmi_kraskov_NN-4,lateraloccipital,medialorbitofrontal,Bivariate,0.011896545479476828,
di_kozachenko,lateraloccipital,medialorbitofrontal,Bivariate,2.3670584929556355,
gc_gaussian_k-1_kt-1_l-1_lt-1,lateraloccipital,medialorbitofrontal,Bivariate,0.00011391486188521076,
te_kraskov_NN-4_k-1_kt-1_l-1_lt-1,lateraloccipital,medialorbitofrontal,Bivariate,-0.004217820087907942,
ce_kozachenko,lateraloccipital,medialorbitofrontal,Bivariate,1.4252943824584103,
cce_kozachenko,lateraloccipital,medialorbitofrontal,Bivariate,4.394180455119365,
entropy_kozachenko,insula,insula,Univariate,1.3919522103557762,insula
AIS_kraskov,insula,insula,Univariate,0.07758891848374283,insula
je_kozachenko,lateraloccipital,insula,Bivariate,2.814234120975945,
si_kozachenko_k-1,lateraloccipital,insula,Bivariate,-0.019569155088759782,
mi_kraskov_NN-4,lateraloccipital,insula,Bivariate,4.377601671912146e-05,
tlmi_kraskov_NN-4,lateraloccipital,insula,Bivariate,-0.01038674312766652,
di_kozachenko,lateraloccipital,insula,Bivariate,2.389093944395851,
gc_gaussian_k-1_kt-1_l-1_lt-1,lateraloccipital,insula,Bivariate,8.767607050945577e-06,
te_kraskov_NN-4_k-1_kt-1_l-1_lt-1,lateraloccipital,insula,Bivariate,0.005676606911547033,
ce_kozachenko,lateraloccipital,insula,Bivariate,1.4055295404069388,
cce_kozachenko,lateraloccipital,insula,Bivariate,4.470964472270728,
entropy_kozachenko,parsopercularis,parsopercularis,Univariate,1.3948281859183096,parsopercularis
AIS_kraskov,parsopercularis,parsopercularis,Univariate,0.030105917681993333,parsopercularis
je_kozachenko,lateraloccipital,parsopercularis,Bivariate,2.8371602128055007,
si_kozachenko_k-1,lateraloccipital,parsopercularis,Bivariate,0.010944492093878377,
mi_kraskov_NN-4,lateraloccipital,parsopercularis,Bivariate,-0.0013971659554012916,
tlmi_kraskov_NN-4,lateraloccipital,parsopercularis,Bivariate,-0.01579718473957037,
di_kozachenko,lateraloccipital,parsopercularis,Bivariate,2.3546768470576236,
gc_gaussian_k-1_kt-1_l-1_lt-1,lateraloccipital,parsopercularis,Bivariate,1.0096562822658565e-05,
te_kraskov_NN-4_k-1_kt-1_l-1_lt-1,lateraloccipital,parsopercularis,Bivariate,-0.011404648625150893,
ce_kozachenko,lateraloccipital,parsopercularis,Bivariate,1.4285629237761532,
cce_kozachenko,lateraloccipital,parsopercularis,Bivariate,4.562751088620557,
entropy_kozachenko,fusiform,fusiform,Univariate,1.4240101543264911,fusiform
AIS_kraskov,fusiform,fusiform,Univariate,0.040771627542799393,fusiform
je_kozachenko,lateraloccipital,fusiform,Bivariate,2.8377610774356996,
si_kozachenko_k-1,lateraloccipital,fusiform,Bivariate,0.04960589298214968,
mi_kraskov_NN-4,lateraloccipital,fusiform,Bivariate,0.010187053947323221,
tlmi_kraskov_NN-4,lateraloccipital,fusiform,Bivariate,0.011258603427064529,
di_kozachenko,lateraloccipital,fusiform,Bivariate,2.4998749266745577,
gc_gaussian_k-1_kt-1_l-1_lt-1,lateraloccipital,fusiform,Bivariate,0.00029111869769173337,
te_kraskov_NN-4_k-1_kt-1_l-1_lt-1,lateraloccipital,fusiform,Bivariate,-0.004527347467197629,
ce_kozachenko,lateraloccipital,fusiform,Bivariate,1.4294737990135702,
cce_kozachenko,lateraloccipital,fusiform,Bivariate,4.425637966108884,
entropy_kozachenko,lingual,lingual,Univariate,1.3750095891167673,lingual
AIS_kraskov,lingual,lingual,Univariate,0.03118534743996726,lingual
je_kozachenko,lateraloccipital,lingual,Bivariate,2.8070535511316934,
si_kozachenko_k-1,lateraloccipital,lingual,Bivariate,0.0779067028176228,
mi_kraskov_NN-4,lateraloccipital,lingual,Bivariate,0.0426764659284018,
tlmi_kraskov_NN-4,lateraloccipital,lingual,Bivariate,0.008664779829899771,
di_kozachenko,lateraloccipital,lingual,Bivariate,2.451907769245791,
gc_gaussian_k-1_kt-1_l-1_lt-1,lateraloccipital,lingual,Bivariate,0.0007881039210495058,
te_kraskov_NN-4_k-1_kt-1_l-1_lt-1,lateraloccipital,lingual,Bivariate,0.01295035847626913,
ce_kozachenko,lateraloccipital,lingual,Bivariate,1.3983378507459698,
cce_kozachenko,lateraloccipital,lingual,Bivariate,4.462580080901192,
entropy_kozachenko,parsorbitalis,parsorbitalis,Univariate,1.4194015651217242,parsorbitalis
AIS_kraskov,parsorbitalis,parsorbitalis,Univariate,0.052865728004642065,parsorbitalis
je_kozachenko,lateraloccipital,parsorbitalis,Bivariate,2.8014530130812676,
si_kozachenko_k-1,lateraloccipital,parsorbitalis,Bivariate,-0.06705715679288948,
mi_kraskov_NN-4,lateraloccipital,parsorbitalis,Bivariate,0.015834845095248795,
tlmi_kraskov_NN-4,lateraloccipital,parsorbitalis,Bivariate,-0.004955087068941211,
di_kozachenko,lateraloccipital,parsorbitalis,Bivariate,2.5798813122923674,
gc_gaussian_k-1_kt-1_l-1_lt-1,lateraloccipital,parsorbitalis,Bivariate,4.1694919074334866e-07,
te_kraskov_NN-4_k-1_kt-1_l-1_lt-1,lateraloccipital,parsorbitalis,Bivariate,-0.003257439981492416,
ce_kozachenko,lateraloccipital,parsorbitalis,Bivariate,1.3927614637904742,
cce_kozachenko,lateraloccipital,parsorbitalis,Bivariate,4.406588662678436,
entropy_kozachenko,parstriangularis,parstriangularis,Univariate,1.397883050413264,parstriangularis
AIS_kraskov,parstriangularis,parstriangularis,Univariate,0.05591764692865908,parstriangularis
je_kozachenko,lateraloccipital,parstriangularis,Bivariate,2.8272346747540857,
si_kozachenko_k-1,lateraloccipital,parstriangularis,Bivariate,0.008158701106356414,
mi_kraskov_NN-4,lateraloccipital,parstriangularis,Bivariate,-0.009510932807859973,
tlmi_kraskov_NN-4,lateraloccipital,parstriangularis,Bivariate,8.909096391995774e-05,
di_kozachenko,lateraloccipital,parstriangularis,Bivariate,2.390686959631106,
gc_gaussian_k-1_kt-1_l-1_lt-1,lateraloccipital,parstriangularis,Bivariate,1.501995638619569e-08,
te_kraskov_NN-4_k-1_kt-1_l-1_lt-1,lateraloccipital,parstriangularis,Bivariate,0.006937637964789856,
ce_kozachenko,lateraloccipital,parstriangularis,Bivariate,1.41957842403987,
cce_kozachenko,lateraloccipital,parstriangularis,Bivariate,4.5181356676552085,
entropy_kozachenko,lateralorbitofrontal,lateralorbitofrontal,Univariate,1.4110338214372646,lateralorbitofrontal
AIS_kraskov,lateralorbitofrontal,lateralorbitofrontal,Univariate,0.06772567910152993,lateralorbitofrontal
je_kozachenko,lateraloccipital,lateralorbitofrontal,Bivariate,2.819568344535773,
si_kozachenko_k-1,lateraloccipital,lateralorbitofrontal,Bivariate,-0.003259743047929309,
mi_kraskov_NN-4,lateraloccipital,lateralorbitofrontal,Bivariate,0.01271689305909618,
tlmi_kraskov_NN-4,lateraloccipital,lateralorbitofrontal,Bivariate,-0.003459835697668723,
di_kozachenko,lateraloccipital,lateralorbitofrontal,Bivariate,2.3499117287935007,
gc_gaussian_k-1_kt-1_l-1_lt-1,lateraloccipital,lateralorbitofrontal,Bivariate,0.0002495907151376724,
te_kraskov_NN-4_k-1_kt-1_l-1_lt-1,lateraloccipital,lateralorbitofrontal,Bivariate,-0.0035462146661018323,
ce_kozachenko,lateraloccipital,lateralorbitofrontal,Bivariate,1.410965762764159,
cce_kozachenko,lateraloccipital,lateralorbitofrontal,Bivariate,4.4935169019275545,
entropy_kozachenko,precentral,precentral,Univariate,1.3898991111677441,precentral
AIS_kraskov,precentral,precentral,Univariate,0.04649787700895125,precentral
je_kozachenko,lateraloccipital,precentral,Bivariate,2.869899737395159,
si_kozachenko_k-1,lateraloccipital,precentral,Bivariate,0.09943112582696711,
mi_kraskov_NN-4,lateraloccipital,precentral,Bivariate,0.0026558456523453344,
tlmi_kraskov_NN-4,lateraloccipital,precentral,Bivariate,0.009158363812897363,
di_kozachenko,lateraloccipital,precentral,Bivariate,2.3463459120638435,
gc_gaussian_k-1_kt-1_l-1_lt-1,lateraloccipital,precentral,Bivariate,4.6991658913009805e-05,
te_kraskov_NN-4_k-1_kt-1_l-1_lt-1,lateraloccipital,precentral,Bivariate,-0.014140260760062473,
ce_kozachenko,lateraloccipital,precentral,Bivariate,1.4615391254616825,
cce_kozachenko,lateraloccipital,precentral,Bivariate,4.6056533772750665,
entropy_kozachenko,superiortemporal,superiortemporal,Univariate,1.3781975360228218,superiortemporal
AIS_kraskov,superiortemporal,superiortemporal,Univariate,0.11734754369633649,superiortemporal
je_kozachenko,lateraloccipital,superiortemporal,Bivariate,2.842054349266187,
si_kozachenko_k-1,lateraloccipital,superiortemporal,Bivariate,-0.017095323844269483,
mi_kraskov_NN-4,lateraloccipital,superiortemporal,Bivariate,7.247818654576577e-05,
tlmi_kraskov_NN-4,lateraloccipital,superiortemporal,Bivariate,-0.0020894037429268764,
di_kozachenko,lateraloccipital,superiortemporal,Bivariate,2.296707085837708,
gc_gaussian_k-1_kt-1_l-1_lt-1,lateraloccipital,superiortemporal,Bivariate,0.00027511210402245855,
te_kraskov_NN-4_k-1_kt-1_l-1_lt-1,lateraloccipital,superiortemporal,Bivariate,0.006857127702347476,
ce_kozachenko,lateraloccipital,superiortemporal,Bivariate,1.4331758629970035,
cce_kozachenko,lateraloccipital,superiortemporal,Bivariate,4.463689314397069,
entropy_kozachenko,entorhinal,entorhinal,Univariate,1.4084065458411201,entorhinal
AIS_kraskov,entorhinal,entorhinal,Univariate,0.07750826197382388,entorhinal
je_kozachenko,lateraloccipital,entorhinal,Bivariate,2.81442967453259,
si_kozachenko_k-1,lateraloccipital,entorhinal,Bivariate,0.02329848984447702,
mi_kraskov_NN-4,lateraloccipital,entorhinal,Bivariate,-0.0003018670781536059,
tlmi_kraskov_NN-4,lateraloccipital,entorhinal,Bivariate,0.007799859982778656,
di_kozachenko,lateraloccipital,entorhinal,Bivariate,2.4446304415918165,
gc_gaussian_k-1_kt-1_l-1_lt-1,lateraloccipital,entorhinal,Bivariate,7.258487430228848e-05,
te_kraskov_NN-4_k-1_kt-1_l-1_lt-1,lateraloccipital,entorhinal,Bivariate,-0.008925497559612472,
ce_kozachenko,lateraloccipital,entorhinal,Bivariate,1.405708799872197,
cce_kozachenko,lateraloccipital,entorhinal,Bivariate,4.413058774183465,
entropy_kozachenko,paracentral,paracentral,Univariate,1.3984409268949731,paracentral
AIS_kraskov,paracentral,paracentral,Univariate,0.05159685484389165,paracentral
je_kozachenko,lateraloccipital,paracentral,Bivariate,2.848622538603634,
si_kozachenko_k-1,lateraloccipital,paracentral,Bivariate,0.02179156224567924,
mi_kraskov_NN-4,lateraloccipital,paracentral,Bivariate,-0.0021434384690159902,
tlmi_kraskov_NN-4,lateraloccipital,paracentral,Bivariate,0.01986546810399581,
di_kozachenko,lateraloccipital,paracentral,Bivariate,2.4266936126481156,
gc_gaussian_k-1_kt-1_l-1_lt-1,lateraloccipital,paracentral,Bivariate,8.197302140419312e-06,
te_kraskov_NN-4_k-1_kt-1_l-1_lt-1,lateraloccipital,paracentral,Bivariate,-0.003143212599388656,
ce_kozachenko,lateraloccipital,paracentral,Bivariate,1.4401396615072275,
cce_kozachenko,lateraloccipital,paracentral,Bivariate,4.496701099988151,
entropy_kozachenko,precuneus,precuneus,Univariate,1.423987913493698,precuneus
AIS_kraskov,precuneus,precuneus,Univariate,0.042504452764271505,precuneus
je_kozachenko,lateraloccipital,precuneus,Bivariate,2.8434884392243576,
si_kozachenko_k-1,lateraloccipital,precuneus,Bivariate,0.004639231501323504,
mi_kraskov_NN-4,lateraloccipital,precuneus,Bivariate,-0.008797408425792241,
tlmi_kraskov_NN-4,lateraloccipital,precuneus,Bivariate,0.007568185140321759,
di_kozachenko,lateraloccipital,precuneus,Bivariate,2.427622202763777,
gc_gaussian_k-1_kt-1_l-1_lt-1,lateraloccipital,precuneus,Bivariate,9.039497929584911e-06,
te_kraskov_NN-4_k-1_kt-1_l-1_lt-1,lateraloccipital,precuneus,Bivariate,0.005717679985911328,
ce_kozachenko,lateraloccipital,precuneus,Bivariate,1.4351308603738295,
cce_kozachenko,lateraloccipital,precuneus,Bivariate,4.504282477370895,
entropy_kozachenko,inferiortemporal,inferiortemporal,Univariate,1.4056204995413326,inferiortemporal
AIS_kraskov,inferiortemporal,inferiortemporal,Univariate,0.10447642518488998,inferiortemporal
je_kozachenko,lateraloccipital,inferiortemporal,Bivariate,2.8273247453628136,
si_kozachenko_k-1,lateraloccipital,inferiortemporal,Bivariate,0.024077378945868144,
mi_kraskov_NN-4,lateraloccipital,inferiortemporal,Bivariate,0.009594446384962652,
tlmi_kraskov_NN-4,lateraloccipital,inferiortemporal,Bivariate,-0.017114354681680766,
di_kozachenko,lateraloccipital,inferiortemporal,Bivariate,2.331017564164302,
gc_gaussian_k-1_kt-1_l-1_lt-1,lateraloccipital,inferiortemporal,Bivariate,0.00019776592851249755,
te_kraskov_NN-4_k-1_kt-1_l-1_lt-1,lateraloccipital,inferiortemporal,Bivariate,0.0059893087091227315,
ce_kozachenko,lateraloccipital,inferiortemporal,Bivariate,1.4186808219307294,
cce_kozachenko,lateraloccipital,inferiortemporal,Bivariate,4.436470556726247,
entropy_kozachenko,temporalpole,temporalpole,Univariate,1.4193150936522718,temporalpole
AIS_kraskov,temporalpole,temporalpole,Univariate,0.08474979068383703,temporalpole
je_kozachenko,lateraloccipital,temporalpole,Bivariate,2.8241699621571095,
si_kozachenko_k-1,lateraloccipital,temporalpole,Bivariate,-0.004350674281493827,
mi_kraskov_NN-4,lateraloccipital,temporalpole,Bivariate,-0.0037340428936900594,
tlmi_kraskov_NN-4,lateraloccipital,temporalpole,Bivariate,0.0011278927404347883,
di_kozachenko,lateraloccipital,temporalpole,Bivariate,2.299598362055689,
gc_gaussian_k-1_kt-1_l-1_lt-1,lateraloccipital,temporalpole,Bivariate,1.621378161646845e-05,
te_kraskov_NN-4_k-1_kt-1_l-1_lt-1,lateraloccipital,temporalpole,Bivariate,-0.006049916782766784,
ce_kozachenko,lateraloccipital,temporalpole,Bivariate,1.4156134735518395,
cce_kozachenko,lateraloccipital,temporalpole,Bivariate,4.469378450032751,
